SeqVars,N,Run,Solver,Policy,SolverMemOut,SolverTotalTime,SATClauses,SavileRowClauseOut,SavileRowTotalTime,SolverSatisfiable,SavileRowTimeOut,SolverTimeOut,SolverNodes,SATVars,TabulationTime,SolverSolveTime,SolverSolutionsFound,SolverSetupTime
2,10,2,cadmdd,notab,0.0,0.02,3151.0,0.0,0.2,1.0,0.0,0.0,3470.0,575.0,,,,
2,12,3,gecode,notab,,0.636,,0.0,0.093,1.0,0.0,0.0,44094.0,,,,,
2,10,1,minion,tab,,0.012008,,0.0,0.112,1.0,0.0,0.0,227.0,,0.032,0.002487,5.0,0.000936
2,10,3,chuffed,notab,,0.05,,0.0,0.172,1.0,0.0,0.0,520.0,,,,,
2,12,5,cadical,tab,0.0,0.04,13126.0,0.0,0.29,1.0,0.0,0.0,514.0,4314.0,0.066,,,
2,10,1,chuffed,tab,,0.01,,0.0,0.132,1.0,0.0,0.0,180.0,,0.034,,,
2,12,3,chuffed,tab,,0.032,,0.0,0.181,1.0,0.0,0.0,240.0,,0.053,,,
2,10,5,cadical,notab,0.0,0.02,3151.0,0.0,0.187,1.0,0.0,0.0,3470.0,575.0,,,,
2,12,2,minicon,tab,,0.019787,,0.0,0.148,1.0,0.0,0.0,381.0,,0.041,0.005012,6.0,0.0
2,10,5,cadmdd,tab,0.0,0.01,7604.0,0.0,0.249,1.0,0.0,0.0,346.0,320.0,0.034,,,
2,12,1,cadmdd,notab,0.0,0.06,5021.0,0.0,0.259,1.0,0.0,0.0,9961.0,765.0,,,,
2,10,3,minion,tab,,0.014259,,0.0,0.136,1.0,0.0,0.0,227.0,,0.036,0.00264,5.0,0.001128
2,12,1,minion,tab,,0.03028,,0.0,0.171,1.0,0.0,0.0,519.0,,0.047,0.00984,6.0,0.000973
2,10,4,chuffed,notab,,0.053,,0.0,0.192,1.0,0.0,0.0,520.0,,,,,
2,10,3,minion,notab,,0.015956,,0.0,0.101,1.0,0.0,0.0,6012.0,,,0.015318,5.0,0.000101
2,12,3,minicon,tab,,0.022131,,0.0,0.145,1.0,0.0,0.0,381.0,,0.033,0.00521,6.0,0.001555
2,10,1,gecode,notab,,0.06,,0.0,0.115,1.0,0.0,0.0,5944.0,,,,,
2,10,1,cadical,notab,0.0,0.02,3151.0,0.0,0.205,1.0,0.0,0.0,3470.0,575.0,,,,
2,10,3,cadmdd,tab,0.0,0.01,7604.0,0.0,0.241,1.0,0.0,0.0,346.0,320.0,0.027,,,
2,12,1,chuffed,tab,,0.024,,0.0,0.197,1.0,0.0,0.0,240.0,,0.061,,,
2,12,1,gecode,notab,,0.35,,0.0,0.111,1.0,0.0,0.0,44094.0,,,,,
2,10,2,minicon,tab,,0.014064,,0.0,0.14,1.0,0.0,0.0,187.0,,0.031,0.002555,5.0,0.001126
2,10,5,chuffed,tab,,0.014,,0.0,0.151,1.0,0.0,0.0,180.0,,0.038,,,
2,12,5,cadical,notab,0.0,0.06,5021.0,0.0,0.239,1.0,0.0,0.0,9961.0,765.0,,,,
2,12,2,cadical,tab,0.0,0.05,13126.0,0.0,0.26,1.0,0.0,0.0,514.0,4314.0,0.054,,,
2,10,5,gecode,tab,,0.048,,0.0,0.123,1.0,0.0,0.0,434.0,,0.034,,,
2,10,2,minicon,notab,,0.028781,,0.0,0.11,1.0,0.0,0.0,10857.0,,,0.028618,5.0,0.0
2,10,2,cadical,tab,0.0,0.0,6869.0,0.0,0.209,1.0,0.0,0.0,53.0,2260.0,0.033,,,
2,12,5,cadmdd,tab,0.0,0.03,14182.0,0.0,0.294,1.0,0.0,0.0,808.0,414.0,0.062,,,
2,12,1,gecode,tab,,0.187,,0.0,0.167,1.0,0.0,0.0,1012.0,,0.057,,,
2,10,5,cadical,tab,0.0,0.0,6869.0,0.0,0.215,1.0,0.0,0.0,53.0,2260.0,0.041,,,
2,12,2,minicon,notab,,0.166572,,0.0,0.111,1.0,0.0,0.0,77680.0,,,0.166408,6.0,0.0
2,10,1,cadmdd,notab,0.0,0.02,3151.0,0.0,0.175,1.0,0.0,0.0,3470.0,575.0,,,,
2,10,2,minion,tab,,0.015084,,0.0,0.143,1.0,0.0,0.0,227.0,,0.027,0.00354,5.0,0.000296
2,12,1,cadmdd,tab,0.0,0.04,14182.0,0.0,0.301,1.0,0.0,0.0,808.0,414.0,0.066,,,
2,12,5,gecode,notab,,0.247,,0.0,0.119,1.0,0.0,0.0,44094.0,,,,,
2,10,5,minion,notab,,0.015878,,0.0,0.093,1.0,0.0,0.0,6012.0,,,0.01543,5.0,0.000277
2,12,4,gecode,tab,,0.062,,0.0,0.163,1.0,0.0,0.0,1012.0,,0.059,,,
2,12,4,minicon,notab,,0.202812,,0.0,0.111,1.0,0.0,0.0,77680.0,,,0.202623,6.0,0.0
2,10,2,chuffed,notab,,0.05,,0.0,0.196,1.0,0.0,0.0,520.0,,,,,
2,10,3,cadmdd,notab,0.0,0.02,3151.0,0.0,0.234,1.0,0.0,0.0,3470.0,575.0,,,,
2,12,2,minion,notab,,0.114733,,0.0,0.094,1.0,0.0,0.0,43964.0,,,0.114103,6.0,0.0
2,12,5,gecode,tab,,0.057,,0.0,0.156,1.0,0.0,0.0,1012.0,,0.056,,,
2,10,4,minion,notab,,0.015428,,0.0,0.092,1.0,0.0,0.0,6012.0,,,0.01543,5.0,0.0
2,12,2,chuffed,tab,,0.055,,0.0,0.128,1.0,0.0,0.0,240.0,,0.039,,,
2,12,4,chuffed,tab,,0.027,,0.0,0.168,1.0,0.0,0.0,240.0,,0.053,,,
2,10,5,cadmdd,notab,0.0,0.02,3151.0,0.0,0.245,1.0,0.0,0.0,3470.0,575.0,,,,
2,12,5,cadmdd,notab,0.0,0.06,5021.0,0.0,0.233,1.0,0.0,0.0,9961.0,765.0,,,,
2,10,4,cadical,tab,0.0,0.0,6869.0,0.0,0.25,1.0,0.0,0.0,53.0,2260.0,0.027,,,
2,12,3,cadmdd,notab,0.0,0.06,5021.0,0.0,0.245,1.0,0.0,0.0,9961.0,765.0,,,,
2,10,4,cadmdd,tab,0.0,0.01,7604.0,0.0,0.22,1.0,0.0,0.0,346.0,320.0,0.042,,,
2,12,1,chuffed,notab,,0.183,,0.0,0.226,1.0,0.0,0.0,1437.0,,,,,
2,12,4,minion,tab,,0.032163,,0.0,0.169,1.0,0.0,0.0,519.0,,0.065,0.009846,6.0,0.001982
2,12,1,minicon,tab,,0.028351,,0.0,0.199,1.0,0.0,0.0,381.0,,0.057,0.005621,6.0,0.001899
2,12,4,chuffed,notab,,0.176,,0.0,0.231,1.0,0.0,0.0,1437.0,,,,,
2,10,3,minicon,notab,,0.02988,,0.0,0.096,1.0,0.0,0.0,10857.0,,,0.029881,5.0,0.0
2,12,5,chuffed,tab,,0.023,,0.0,0.152,1.0,0.0,0.0,240.0,,0.061,,,
2,12,4,cadmdd,notab,0.0,0.06,5021.0,0.0,0.246,1.0,0.0,0.0,9961.0,765.0,,,,
2,10,3,cadical,tab,0.0,0.0,6869.0,0.0,0.204,1.0,0.0,0.0,53.0,2260.0,0.043,,,
2,10,3,gecode,tab,,0.042,,0.0,0.128,1.0,0.0,0.0,434.0,,0.042,,,
2,12,2,gecode,tab,,0.248,,0.0,0.128,1.0,0.0,0.0,1012.0,,0.032,,,
2,12,5,minicon,tab,,0.025409,,0.0,0.185,1.0,0.0,0.0,381.0,,0.054,0.006185,6.0,0.001215
2,12,1,cadical,tab,0.0,0.04,13126.0,0.0,0.316,1.0,0.0,0.0,514.0,4314.0,0.07,,,
2,12,4,cadical,tab,0.0,0.04,13126.0,0.0,0.272,1.0,0.0,0.0,514.0,4314.0,0.064,,,
2,12,4,gecode,notab,,0.244,,0.0,0.117,1.0,0.0,0.0,44094.0,,,,,
2,12,4,cadical,notab,0.0,0.06,5021.0,0.0,0.227,1.0,0.0,0.0,9961.0,765.0,,,,
2,10,4,chuffed,tab,,0.015,,0.0,0.126,1.0,0.0,0.0,180.0,,0.041,,,
2,12,3,minion,tab,,0.024821,,0.0,0.142,1.0,0.0,0.0,519.0,,0.055,0.006397,6.0,0.001684
2,12,4,minion,notab,,0.113054,,0.0,0.108,1.0,0.0,0.0,43964.0,,,0.113057,6.0,0.0
2,10,3,minicon,tab,,0.01172,,0.0,0.139,1.0,0.0,0.0,187.0,,0.048,0.001462,5.0,0.001131
2,10,3,chuffed,tab,,0.009,,0.0,0.127,1.0,0.0,0.0,180.0,,0.04,,,
2,10,4,minion,tab,,0.013719,,0.0,0.145,1.0,0.0,0.0,227.0,,0.029,0.00329,5.0,0.00124
2,12,4,minicon,tab,,0.026201,,0.0,0.16,1.0,0.0,0.0,381.0,,0.047,0.006465,6.0,0.000979
2,10,4,gecode,tab,,0.041,,0.0,0.119,1.0,0.0,0.0,434.0,,0.034,,,
2,10,4,cadical,notab,0.0,0.02,3151.0,0.0,0.213,1.0,0.0,0.0,3470.0,575.0,,,,
2,12,1,minicon,notab,,0.216784,,0.0,0.092,1.0,0.0,0.0,77680.0,,,0.215939,6.0,0.000187
2,12,1,minion,notab,,0.116212,,0.0,0.086,1.0,0.0,0.0,43964.0,,,0.116215,6.0,0.0
2,10,2,cadmdd,tab,0.0,0.01,7604.0,0.0,0.228,1.0,0.0,0.0,346.0,320.0,0.03,,,
2,12,2,cadical,notab,0.0,0.05,5021.0,0.0,0.192,1.0,0.0,0.0,9961.0,765.0,,,,
2,12,3,cadmdd,tab,0.0,0.04,14182.0,0.0,0.312,1.0,0.0,0.0,808.0,414.0,0.07,,,
2,10,1,cadical,tab,0.0,0.01,6869.0,0.0,0.203,1.0,0.0,0.0,53.0,2260.0,0.022,,,
2,10,1,gecode,tab,,0.321,,0.0,0.136,1.0,0.0,0.0,434.0,,0.034,,,
2,10,2,gecode,tab,,0.036,,0.0,0.122,1.0,0.0,0.0,434.0,,0.039,,,
2,10,1,minicon,notab,,0.027197,,0.0,0.091,1.0,0.0,0.0,10857.0,,,0.026281,5.0,0.00025
2,10,5,chuffed,notab,,0.041,,0.0,0.166,1.0,0.0,0.0,520.0,,,,,
2,12,3,cadical,notab,0.0,0.06,5021.0,0.0,0.251,1.0,0.0,0.0,9961.0,765.0,,,,
2,10,4,cadmdd,notab,0.0,0.02,3151.0,0.0,0.201,1.0,0.0,0.0,3470.0,575.0,,,,
2,10,5,minicon,notab,,0.028426,,0.0,0.118,1.0,0.0,0.0,10857.0,,,0.028296,5.0,4e-05
2,12,3,minion,notab,,0.087703,,0.0,0.107,1.0,0.0,0.0,43964.0,,,0.087704,6.0,0.0
2,12,1,cadical,notab,0.0,0.06,5021.0,0.0,0.257,1.0,0.0,0.0,9961.0,765.0,,,,
2,10,5,gecode,notab,,0.09,,0.0,0.096,1.0,0.0,0.0,5944.0,,,,,
2,10,2,minion,notab,,0.016614,,0.0,0.112,1.0,0.0,0.0,6012.0,,,0.016616,5.0,0.0
2,10,2,chuffed,tab,,0.011,,0.0,0.13,1.0,0.0,0.0,180.0,,0.033,,,
2,12,2,cadmdd,tab,0.0,0.04,14182.0,0.0,0.343,1.0,0.0,0.0,808.0,414.0,0.084,,,
2,10,5,minicon,tab,,0.011582,,0.0,0.135,1.0,0.0,0.0,187.0,,0.037,0.00138,5.0,0.001092
2,12,5,minion,notab,,0.114016,,0.0,0.104,1.0,0.0,0.0,43964.0,,,0.114018,6.0,0.0
2,10,3,gecode,notab,,0.094,,0.0,0.125,1.0,0.0,0.0,5944.0,,,,,
2,10,4,minicon,tab,,0.012405,,0.0,0.118,1.0,0.0,0.0,187.0,,0.032,0.002247,5.0,0.001094
2,12,5,chuffed,notab,,0.134,,0.0,0.172,1.0,0.0,0.0,1437.0,,,,,
2,12,5,minion,tab,,0.03033,,0.0,0.16,1.0,0.0,0.0,519.0,,0.051,0.008625,6.0,0.000953
2,12,3,chuffed,notab,,0.171,,0.0,0.219,1.0,0.0,0.0,1437.0,,,,,
2,12,2,cadmdd,notab,0.0,0.06,5021.0,0.0,0.196,1.0,0.0,0.0,9961.0,765.0,,,,
2,12,3,minicon,notab,,0.165421,,0.0,0.083,1.0,0.0,0.0,77680.0,,,0.16454,6.0,0.000279
2,10,4,minicon,notab,,0.02695,,0.0,0.099,1.0,0.0,0.0,10857.0,,,0.026029,5.0,0.000271
2,10,3,cadical,notab,0.0,0.02,3151.0,0.0,0.204,1.0,0.0,0.0,3470.0,575.0,,,,
2,10,2,gecode,notab,,0.088,,0.0,0.103,1.0,0.0,0.0,5944.0,,,,,
2,12,2,minion,tab,,0.024699,,0.0,0.131,1.0,0.0,0.0,519.0,,0.041,0.008021,6.0,0.000736
2,10,1,minicon,tab,,0.009452,,0.0,0.132,1.0,0.0,0.0,187.0,,0.018,0.002012,5.0,0.0
2,10,2,cadical,notab,0.0,0.02,3151.0,0.0,0.186,1.0,0.0,0.0,3470.0,575.0,,,,
2,10,4,gecode,notab,,0.136,,0.0,0.092,1.0,0.0,0.0,5944.0,,,,,
2,12,2,chuffed,notab,,0.178,,0.0,0.215,1.0,0.0,0.0,1437.0,,,,,
2,10,1,cadmdd,tab,0.0,0.02,7604.0,0.0,0.194,1.0,0.0,0.0,346.0,320.0,0.015,,,
2,10,5,minion,tab,,0.015358,,0.0,0.129,1.0,0.0,0.0,227.0,,0.023,0.003273,5.0,0.001196
2,12,2,gecode,notab,,0.269,,0.0,0.093,1.0,0.0,0.0,44094.0,,,,,
2,10,1,minion,notab,,0.012768,,0.0,0.079,1.0,0.0,0.0,6012.0,,,0.011988,5.0,0.000221
2,10,1,chuffed,notab,,0.036,,0.0,0.142,1.0,0.0,0.0,520.0,,,,,
2,12,3,gecode,tab,,0.255,,0.0,0.138,1.0,0.0,0.0,1012.0,,0.049,,,
2,12,5,minicon,notab,,0.214018,,0.0,0.106,1.0,0.0,0.0,77680.0,,,0.21299,6.0,0.000308
2,12,4,cadmdd,tab,0.0,0.03,14182.0,0.0,0.312,1.0,0.0,0.0,808.0,414.0,0.065,,,
2,12,3,cadical,tab,0.0,0.04,13126.0,0.0,0.274,1.0,0.0,0.0,514.0,4314.0,0.073,,,
3,12,2,gecode,notab,,0.311,,0.0,0.117,1.0,0.0,0.0,44094.0,,,,,
3,10,5,cadmdd,notab,0.0,0.02,3469.0,0.0,0.25,1.0,0.0,0.0,3641.0,632.0,,,,
3,10,5,cadmdd,tab,0.0,0.08,65534.0,0.0,0.597,1.0,0.0,0.0,298.0,470.0,0.129,,,
3,10,1,minicon,notab,,0.054194,,0.0,0.109,1.0,0.0,0.0,10377.0,,,0.053563,5.0,0.000198
3,10,3,cadical,notab,0.0,0.02,3469.0,0.0,0.254,1.0,0.0,0.0,3641.0,632.0,,,,
3,10,2,gecode,notab,,0.084,,0.0,0.117,1.0,0.0,0.0,5944.0,,,,,
3,10,5,minion,notab,,0.032698,,0.0,0.109,1.0,0.0,0.0,6231.0,,,0.032092,5.0,0.0
3,10,4,chuffed,tab,,0.052,,0.0,0.307,1.0,0.0,0.0,86.0,,0.106,,,
3,10,2,cadmdd,notab,0.0,0.02,3469.0,0.0,0.249,1.0,0.0,0.0,3641.0,632.0,,,,
3,10,4,chuffed,notab,,0.061,,0.0,0.17,1.0,0.0,0.0,646.0,,,,,
3,10,4,minicon,tab,,0.110192,,0.0,0.287,1.0,0.0,0.0,63.0,,0.108,0.001727,5.0,0.008099
3,10,1,minicon,tab,,0.117341,,0.0,0.32,1.0,0.0,0.0,63.0,,0.119,0.002565,5.0,0.009753
3,12,5,gecode,notab,,0.233,,0.0,0.107,1.0,0.0,0.0,44094.0,,,,,
3,10,1,minion,notab,,0.029019,,0.0,0.102,1.0,0.0,0.0,6231.0,,,0.028571,5.0,0.0
3,10,5,minion,tab,,0.115812,,0.0,0.351,1.0,0.0,0.0,81.0,,0.113,0.00297,5.0,0.008991
3,10,5,cadical,notab,0.0,0.02,3469.0,0.0,0.284,1.0,0.0,0.0,3641.0,632.0,,,,
3,10,3,minicon,tab,,0.120825,,0.0,0.315,1.0,0.0,0.0,63.0,,0.127,0.001969,5.0,0.0086
3,10,5,minicon,notab,,0.056159,,0.0,0.112,1.0,0.0,0.0,10377.0,,,0.055804,5.0,0.00022
3,12,5,minion,notab,,0.246992,,0.0,0.115,1.0,0.0,0.0,45729.0,,,0.245315,6.0,0.000533
3,12,2,gecode,tab,,0.129,,0.0,0.447,1.0,0.0,0.0,186.0,,0.254,,,
3,12,3,minicon,tab,,0.234849,,0.0,0.42,1.0,0.0,0.0,80.0,,0.168,0.003967,6.0,0.01567
3,12,5,minion,tab,,0.284579,,0.0,0.504,1.0,0.0,0.0,107.0,,0.258,0.007277,6.0,0.020431
3,12,3,cadmdd,tab,0.0,0.23,150568.0,0.0,1.176,1.0,0.0,0.0,1448.0,672.0,0.292,,,
3,10,3,cadmdd,tab,0.0,0.08,65534.0,0.0,0.44,1.0,0.0,0.0,298.0,470.0,0.109,,,
3,10,4,cadmdd,notab,0.0,0.02,3469.0,0.0,0.233,1.0,0.0,0.0,3641.0,632.0,,,,
3,10,2,cadmdd,tab,0.0,0.08,65534.0,0.0,0.62,1.0,0.0,0.0,298.0,470.0,0.158,,,
3,12,4,minicon,notab,,0.422211,,0.0,0.112,1.0,0.0,0.0,83159.0,,,0.421269,6.0,0.000238
3,12,1,chuffed,tab,,0.131,,0.0,0.498,1.0,0.0,0.0,89.0,,0.277,,,
3,10,3,minicon,notab,,0.057673,,0.0,0.105,1.0,0.0,0.0,10377.0,,,0.056201,5.0,0.000476
3,10,4,minicon,notab,,0.056854,,0.0,0.109,1.0,0.0,0.0,10377.0,,,0.056858,5.0,0.0
3,10,1,gecode,tab,,0.083,,0.0,0.315,1.0,0.0,0.0,142.0,,0.123,,,
3,12,3,gecode,notab,,0.332,,0.0,0.125,1.0,0.0,0.0,44094.0,,,,,
3,10,5,chuffed,tab,,0.047,,0.0,0.303,1.0,0.0,0.0,86.0,,0.123,,,
3,10,3,cadical,tab,0.0,0.12,68539.0,0.0,0.519,1.0,0.0,0.0,32.0,17140.0,0.143,,,
3,10,5,chuffed,notab,,0.059,,0.0,0.17,1.0,0.0,0.0,646.0,,,,,
3,12,4,cadmdd,notab,0.0,0.07,5488.0,0.0,0.322,1.0,0.0,0.0,9605.0,846.0,,,,
3,10,3,chuffed,tab,,0.033,,0.0,0.216,1.0,0.0,0.0,86.0,,0.073,,,
3,10,1,chuffed,tab,,0.045,,0.0,0.233,1.0,0.0,0.0,86.0,,0.093,,,
3,10,3,minion,notab,,0.034138,,0.0,0.12,1.0,0.0,0.0,6231.0,,,0.033819,5.0,0.0
3,12,5,minicon,tab,,0.285529,,0.0,0.512,1.0,0.0,0.0,80.0,,0.265,0.00433,6.0,0.018364
3,10,3,minion,tab,,0.118992,,0.0,0.326,1.0,0.0,0.0,81.0,,0.109,0.003832,5.0,0.008655
3,12,3,minion,notab,,0.211137,,0.0,0.108,1.0,0.0,0.0,45729.0,,,0.20983,6.0,0.000406
3,12,5,cadmdd,notab,0.0,0.07,5488.0,0.0,0.33,1.0,0.0,0.0,9605.0,846.0,,,,
3,12,1,cadical,tab,0.0,0.30000000000000004,164332.0,0.0,0.843,1.0,0.0,0.0,254.0,41064.0,0.259,,,
3,12,1,minion,tab,,0.251719,,0.0,0.493,1.0,0.0,0.0,107.0,,0.247,0.006583,6.0,0.018033
3,12,5,cadmdd,tab,0.0,0.22,150568.0,0.0,0.848,1.0,0.0,0.0,1448.0,672.0,0.246,,,
3,12,4,gecode,tab,,0.137,,0.0,0.474,1.0,0.0,0.0,186.0,,0.256,,,
3,12,5,cadical,notab,0.0,0.06,5488.0,0.0,0.263,1.0,0.0,0.0,9605.0,846.0,,,,
3,10,2,minicon,notab,,0.057491,,0.0,0.11,1.0,0.0,0.0,10377.0,,,0.057186,5.0,0.0
3,10,1,cadical,notab,0.0,0.02,3469.0,0.0,0.245,1.0,0.0,0.0,3641.0,632.0,,,,
3,12,1,minicon,tab,,0.251957,,0.0,0.516,1.0,0.0,0.0,80.0,,0.246,0.003491,6.0,0.02086
3,10,1,cadmdd,notab,0.0,0.02,3469.0,0.0,0.261,1.0,0.0,0.0,3641.0,632.0,,,,
3,10,3,cadmdd,notab,0.0,0.02,3469.0,0.0,0.192,1.0,0.0,0.0,3641.0,632.0,,,,
3,12,3,minion,tab,,0.236556,,0.0,0.432,1.0,0.0,0.0,107.0,,0.209,0.006168,6.0,0.016795
3,12,2,cadmdd,notab,0.0,0.07,5488.0,0.0,0.296,1.0,0.0,0.0,9605.0,846.0,,,,
3,10,2,minion,notab,,0.028836,,0.0,0.111,1.0,0.0,0.0,6231.0,,,0.02864,5.0,7.3e-05
3,12,3,cadical,tab,0.0,0.33,164332.0,0.0,0.895,1.0,0.0,0.0,254.0,41064.0,0.29,,,
3,10,1,gecode,notab,,0.111,,0.0,0.105,1.0,0.0,0.0,5944.0,,,,,
3,12,2,chuffed,notab,,0.438,,0.0,0.224,1.0,0.0,0.0,3438.0,,,,,
3,10,4,minion,tab,,0.091599,,0.0,0.245,1.0,0.0,0.0,81.0,,0.068,0.002283,5.0,0.005227
3,12,4,minion,tab,,0.264792,,0.0,0.517,1.0,0.0,0.0,107.0,,0.25,0.005626,6.0,0.016768
3,12,2,minion,tab,,0.240842,,0.0,0.446,1.0,0.0,0.0,107.0,,0.227,0.004332,6.0,0.012944
3,12,4,minion,notab,,0.250314,,0.0,0.108,1.0,0.0,0.0,45729.0,,,0.250316,6.0,0.0
3,12,2,minion,notab,,0.201025,,0.0,0.11,1.0,0.0,0.0,45729.0,,,0.199838,6.0,0.00039
3,12,2,cadical,notab,0.0,0.07,5488.0,0.0,0.31,1.0,0.0,0.0,9605.0,846.0,,,,
3,10,3,gecode,notab,,0.077,,0.0,0.124,1.0,0.0,0.0,5944.0,,,,,
3,12,1,gecode,tab,,0.128,,0.0,0.451,1.0,0.0,0.0,186.0,,0.238,,,
3,10,3,gecode,tab,,0.083,,0.0,0.325,1.0,0.0,0.0,142.0,,0.116,,,
3,10,2,gecode,tab,,0.081,,0.0,0.326,1.0,0.0,0.0,142.0,,0.128,,,
3,10,4,gecode,notab,,0.063,,0.0,0.083,1.0,0.0,0.0,5944.0,,,,,
3,10,5,minicon,tab,,0.105021,,0.0,0.326,1.0,0.0,0.0,63.0,,0.11,0.002612,5.0,0.005174
3,12,1,cadmdd,tab,0.0,0.23000000000000004,150568.0,0.0,0.906,1.0,0.0,0.0,1448.0,672.0,0.27,,,
3,10,4,gecode,tab,,0.062,,0.0,0.211,1.0,0.0,0.0,142.0,,0.081,,,
3,12,5,gecode,tab,,0.115,,0.0,0.374,1.0,0.0,0.0,186.0,,0.187,,,
3,12,2,minicon,notab,,0.386955,,0.0,0.118,1.0,0.0,0.0,83159.0,,,0.38565,6.0,0.000446
3,12,5,chuffed,tab,,0.115,,0.0,0.369,1.0,0.0,0.0,89.0,,0.171,,,
3,10,4,cadmdd,tab,0.0,0.09000000000000001,65534.0,0.0,0.584,1.0,0.0,0.0,298.0,470.0,0.145,,,
3,12,3,chuffed,notab,,0.617,,0.0,0.266,1.0,0.0,0.0,3438.0,,,,,
3,10,4,cadical,tab,0.0,0.08,68539.0,0.0,0.424,1.0,0.0,0.0,32.0,17140.0,0.085,,,
3,12,2,cadmdd,tab,0.0,0.2,150568.0,0.0,0.891,1.0,0.0,0.0,1448.0,672.0,0.238,,,
3,12,3,chuffed,tab,,0.135,,0.0,0.537,1.0,0.0,0.0,89.0,,0.302,,,
3,12,1,cadmdd,notab,0.0,0.07,5488.0,0.0,0.301,1.0,0.0,0.0,9605.0,846.0,,,,
3,10,1,cadical,tab,0.0,0.12,68539.0,0.0,0.539,1.0,0.0,0.0,32.0,17140.0,0.125,,,
3,12,2,cadical,tab,0.0,0.26,164332.0,0.0,0.754,1.0,0.0,0.0,254.0,41064.0,0.258,,,
3,10,4,cadical,notab,0.0,0.02,3469.0,0.0,0.234,1.0,0.0,0.0,3641.0,632.0,,,,
3,10,2,cadical,tab,0.0,0.12,68539.0,0.0,0.654,1.0,0.0,0.0,32.0,17140.0,0.146,,,
3,10,5,gecode,tab,,0.073,,0.0,0.273,1.0,0.0,0.0,142.0,,0.111,,,
3,12,1,minicon,notab,,0.44395,,0.0,0.125,1.0,0.0,0.0,83159.0,,,0.443611,6.0,0.00016
3,12,4,gecode,notab,,0.338,,0.0,0.136,1.0,0.0,0.0,44094.0,,,,,
3,12,1,minion,notab,,0.248305,,0.0,0.131,1.0,0.0,0.0,45729.0,,,0.246862,6.0,0.000483
3,12,3,gecode,tab,,0.131,,0.0,0.584,1.0,0.0,0.0,186.0,,0.311,,,
3,12,5,chuffed,notab,,0.281,,0.0,0.168,1.0,0.0,0.0,3438.0,,,,,
3,12,4,cadmdd,tab,0.0,0.2,150568.0,0.0,0.873,1.0,0.0,0.0,1448.0,672.0,0.217,,,
3,10,5,gecode,notab,,0.079,,0.0,0.115,1.0,0.0,0.0,5944.0,,,,,
3,12,4,minicon,tab,,0.283047,,0.0,0.552,1.0,0.0,0.0,80.0,,0.28,0.004271,6.0,0.019527
3,12,3,cadical,notab,0.0,0.07,5488.0,0.0,0.303,1.0,0.0,0.0,9605.0,846.0,,,,
3,10,2,cadical,notab,0.0,0.02,3469.0,0.0,0.313,1.0,0.0,0.0,3641.0,632.0,,,,
3,10,2,minicon,tab,,0.115176,,0.0,0.346,1.0,0.0,0.0,63.0,,0.13,0.002147,5.0,0.005218
3,12,5,cadical,tab,0.0,0.25,164332.0,0.0,0.628,1.0,0.0,0.0,254.0,41064.0,0.192,,,
3,12,2,minicon,tab,,0.245876,,0.0,0.47,1.0,0.0,0.0,80.0,,0.228,0.003386,6.0,0.013675
3,10,2,chuffed,tab,,0.055,,0.0,0.311,1.0,0.0,0.0,86.0,,0.112,,,
3,12,1,gecode,notab,,0.281,,0.0,0.127,1.0,0.0,0.0,44094.0,,,,,
3,10,4,minion,notab,,0.029299,,0.0,0.133,1.0,0.0,0.0,6231.0,,,0.029302,5.0,0.0
3,10,1,chuffed,notab,,0.044,,0.0,0.146,1.0,0.0,0.0,646.0,,,,,
3,12,1,cadical,notab,0.0,0.07,5488.0,0.0,0.294,1.0,0.0,0.0,9605.0,846.0,,,,
3,10,2,minion,tab,,0.100715,,0.0,0.281,1.0,0.0,0.0,81.0,,0.099,0.003422,5.0,0.006858
3,10,1,minion,tab,,0.117782,,0.0,0.345,1.0,0.0,0.0,81.0,,0.155,0.003519,5.0,0.006836
3,12,2,chuffed,tab,,0.116,,0.0,0.508,1.0,0.0,0.0,89.0,,0.251,,,
3,12,5,minicon,notab,,0.450092,,0.0,0.115,1.0,0.0,0.0,83159.0,,,0.44964,6.0,0.00026
3,10,3,chuffed,notab,,0.043,,0.0,0.15,1.0,0.0,0.0,646.0,,,,,
3,12,1,chuffed,notab,,0.323,,0.0,0.224,1.0,0.0,0.0,3438.0,,,,,
3,12,3,minicon,notab,,0.39712,,0.0,0.101,1.0,0.0,0.0,83159.0,,,0.395828,6.0,0.000408
3,12,4,cadical,tab,0.0,0.31000000000000005,164332.0,0.0,0.839,1.0,0.0,0.0,254.0,41064.0,0.275,,,
3,10,2,chuffed,notab,,0.069,,0.0,0.174,1.0,0.0,0.0,646.0,,,,,
3,10,1,cadmdd,tab,0.0,0.08,65534.0,0.0,0.501,1.0,0.0,0.0,298.0,470.0,0.108,,,
3,12,3,cadmdd,notab,0.0,0.07,5488.0,0.0,0.289,1.0,0.0,0.0,9605.0,846.0,,,,
3,12,4,cadical,notab,0.0,0.07,5488.0,0.0,0.321,1.0,0.0,0.0,9605.0,846.0,,,,
3,12,4,chuffed,notab,,0.301,,0.0,0.167,1.0,0.0,0.0,3438.0,,,,,
3,12,4,chuffed,tab,,0.127,,0.0,0.508,1.0,0.0,0.0,89.0,,0.274,,,
3,10,5,cadical,tab,0.0,0.12,68539.0,0.0,0.489,1.0,0.0,0.0,32.0,17140.0,0.125,,,
5,10,5,gecode,tab,,3.31,,0.0,7.246,1.0,0.0,0.0,48.0,,5.642,,,
5,12,2,cadical,notab,0.0,0.13,6383.0,0.0,0.455,1.0,0.0,0.0,11501.0,1134.0,,,,
5,10,3,cadical,tab,0.0,12.670000000000002,9042489.0,0.0,7.542,1.0,0.0,0.0,15.0,1507150.0,4.732,,,
5,10,3,minion,notab,,0.040786,,0.0,0.114,1.0,0.0,0.0,6230.0,,,0.040055,5.0,0.000472
5,10,5,minion,notab,,0.040936,,0.0,0.102,1.0,0.0,0.0,6230.0,,,0.040939,5.0,0.0
5,12,2,minion,tab,,56.0349,,0.0,22.408,1.0,0.0,0.0,45.0,,16.488,0.069099,6.0,9.06353
5,12,5,minicon,notab,,0.509934,,0.0,0.112,1.0,0.0,0.0,81527.0,,,0.509935,6.0,0.0
5,10,3,chuffed,notab,,0.041,,0.0,0.169,1.0,0.0,0.0,439.0,,,,,
5,10,5,cadical,tab,0.0,15.010000000000002,9042489.0,0.0,9.314,1.0,0.0,0.0,15.0,1507150.0,5.657,,,
5,10,1,cadmdd,tab,0.0,5.970000000000001,6232224.0,0.0,9.923,1.0,0.0,0.0,1009.0,940.0,5.309,,,
5,10,5,minicon,notab,,0.069558,,0.0,0.124,1.0,0.0,0.0,10505.0,,,0.06956,5.0,0.0
5,12,5,minion,tab,,50.7448,,0.0,20.178,1.0,0.0,0.0,45.0,,15.241,0.068098,6.0,8.02016
5,10,3,gecode,tab,,2.391,,0.0,5.904,1.0,0.0,0.0,48.0,,4.752,,,
5,10,2,minicon,notab,,0.068279,,0.0,0.107,1.0,0.0,0.0,10505.0,,,0.068067,5.0,0.0
5,10,4,gecode,notab,,0.104,,0.0,0.133,1.0,0.0,0.0,5944.0,,,,,
5,12,3,cadical,notab,0.0,0.10999999999999999,6383.0,0.0,0.421,1.0,0.0,0.0,11501.0,1134.0,,,,
5,12,5,chuffed,notab,,0.38,,0.0,0.267,1.0,0.0,0.0,2774.0,,,,,
5,10,5,minion,tab,,17.0704,,0.0,8.288,1.0,0.0,0.0,36.0,,5.659,0.024974,5.0,2.39517
5,10,2,chuffed,tab,,2.708,,0.0,6.873,1.0,0.0,0.0,43.0,,5.393,,,
5,12,3,minion,notab,,0.312098,,0.0,0.127,1.0,0.0,0.0,45679.0,,,0.310614,6.0,0.000474
5,12,2,cadmdd,notab,0.0,0.1,6383.0,0.0,0.336,1.0,0.0,0.0,11501.0,1134.0,,,,
5,12,3,cadmdd,tab,0.0,23.41,20739784.0,0.0,27.896,1.0,0.0,0.0,2433.0,1854.0,15.697,,,
5,10,2,cadmdd,tab,0.0,5.57,6232224.0,0.0,9.219,1.0,0.0,0.0,1009.0,940.0,4.921,,,
5,12,4,gecode,tab,,12.516,,0.0,21.503,1.0,0.0,0.0,66.0,,16.706,,,
5,12,3,minion,tab,,58.9701,,0.0,23.892,1.0,0.0,0.0,45.0,,17.097,0.076332,6.0,9.00667
5,10,3,cadmdd,tab,0.0,5.88,6232224.0,0.0,9.501,1.0,0.0,0.0,1009.0,940.0,5.345,,,
5,12,1,chuffed,notab,,0.197,,0.0,0.2,1.0,0.0,0.0,2774.0,,,,,
5,10,3,chuffed,tab,,2.493,,0.0,6.261,1.0,0.0,0.0,43.0,,4.974,,,
5,12,5,minicon,tab,,54.4598,,0.0,22.515,1.0,0.0,0.0,40.0,,16.111,0.044257,6.0,8.68488
5,12,5,cadical,notab,0.0,0.10999999999999999,6383.0,0.0,0.442,1.0,0.0,0.0,11501.0,1134.0,,,,
5,12,5,gecode,notab,,0.281,,0.0,0.145,1.0,0.0,0.0,44094.0,,,,,
5,10,5,minicon,tab,,17.0039,,0.0,7.82,1.0,0.0,0.0,36.0,,5.467,0.025479,5.0,2.39172
5,10,1,minion,tab,,13.4867,,0.0,6.329,1.0,0.0,0.0,36.0,,4.603,0.022837,5.0,1.75586
5,12,4,minicon,tab,,52.6635,,0.0,22.181,1.0,0.0,0.0,40.0,,15.949,0.042008,6.0,8.93
5,10,1,chuffed,tab,,2.562,,0.0,6.598,1.0,0.0,0.0,43.0,,5.192,,,
5,12,2,cadmdd,tab,0.0,29.93,20739784.0,0.0,34.02,1.0,0.0,0.0,2433.0,1854.0,18.938,,,
5,12,4,minicon,notab,,0.571426,,0.0,0.105,1.0,0.0,0.0,81527.0,,,0.571428,6.0,0.0
5,12,2,chuffed,tab,,9.752,,0.0,21.855,1.0,0.0,0.0,54.0,,17.427,,,
5,10,1,gecode,notab,,0.098,,0.0,0.132,1.0,0.0,0.0,5944.0,,,,,
5,10,5,cadmdd,tab,0.0,6.5600000000000005,6232224.0,0.0,10.686,1.0,0.0,0.0,1009.0,940.0,5.886,,,
5,10,1,chuffed,notab,,0.03,,0.0,0.176,1.0,0.0,0.0,439.0,,,,,
5,10,2,gecode,tab,,2.701,,0.0,6.11,1.0,0.0,0.0,48.0,,4.821,,,
5,10,3,cadmdd,notab,0.0,0.03,4034.0,0.0,0.296,1.0,0.0,0.0,3713.0,832.0,,,,
5,10,4,minicon,tab,,14.8208,,0.0,6.715,1.0,0.0,0.0,36.0,,5.132,0.024567,5.0,2.04473
5,12,1,minicon,notab,,0.545498,,0.0,0.1,1.0,0.0,0.0,81527.0,,,0.545239,6.0,0.0
5,12,4,cadical,tab,0.0,53.04,31542436.0,0.0,32.32,1.0,0.0,0.0,93.0,5257128.0,16.953,,,
5,10,5,chuffed,notab,,0.034,,0.0,0.175,1.0,0.0,0.0,439.0,,,,,
5,12,2,gecode,notab,,0.407,,0.0,0.129,1.0,0.0,0.0,44094.0,,,,,
5,10,4,cadical,notab,0.0,0.03,4034.0,0.0,0.324,1.0,0.0,0.0,3713.0,832.0,,,,
5,12,4,cadical,notab,0.0,0.13,6383.0,0.0,0.425,1.0,0.0,0.0,11501.0,1134.0,,,,
5,10,2,gecode,notab,,0.099,,0.0,0.124,1.0,0.0,0.0,5944.0,,,,,
5,12,3,cadmdd,notab,0.0,0.12,6383.0,0.0,0.389,1.0,0.0,0.0,11501.0,1134.0,,,,
5,12,2,minicon,tab,,51.2486,,0.0,22.046,1.0,0.0,0.0,40.0,,16.015,0.04236,6.0,8.12452
5,10,5,gecode,notab,,0.105,,0.0,0.147,1.0,0.0,0.0,5944.0,,,,,
5,12,3,chuffed,tab,,8.775,,0.0,22.289,1.0,0.0,0.0,54.0,,16.006,,,
5,10,2,cadical,tab,0.0,13.39,9042489.0,0.0,8.176,1.0,0.0,0.0,15.0,1507150.0,4.906,,,
5,10,4,minion,tab,,14.8079,,0.0,6.606,1.0,0.0,0.0,36.0,,5.221,0.021947,5.0,2.05883
5,12,1,minion,tab,,60.1252,,0.0,24.79,1.0,0.0,0.0,45.0,,17.721,0.076946,6.0,9.52511
5,10,4,cadmdd,notab,0.0,0.03,4034.0,0.0,0.318,1.0,0.0,0.0,3713.0,832.0,,,,
5,10,4,minion,notab,,0.039237,,0.0,0.104,1.0,0.0,0.0,6230.0,,,0.038708,5.0,0.0
5,10,4,cadmdd,tab,0.0,6.03,6232224.0,0.0,10.089,1.0,0.0,0.0,1009.0,940.0,5.287,,,
5,12,2,chuffed,notab,,0.436,,0.0,0.187,1.0,0.0,0.0,2774.0,,,,,
5,12,1,gecode,notab,,0.327,,0.0,0.126,1.0,0.0,0.0,44094.0,,,,,
5,10,4,chuffed,tab,,2.799,,0.0,7.128,1.0,0.0,0.0,43.0,,5.605,,,
5,12,5,cadmdd,notab,0.0,0.12,6383.0,0.0,0.489,1.0,0.0,0.0,11501.0,1134.0,,,,
5,10,4,gecode,tab,,2.816,,0.0,6.227,1.0,0.0,0.0,48.0,,5.057,,,
5,12,5,gecode,tab,,11.4,,0.0,20.393,1.0,0.0,0.0,66.0,,16.52,,,
5,12,5,chuffed,tab,,8.663,,0.0,18.978,1.0,0.0,0.0,54.0,,15.268,,,
5,12,4,chuffed,notab,,0.316,,0.0,0.239,1.0,0.0,0.0,2774.0,,,,,
5,10,3,minicon,notab,,0.06972,,0.0,0.082,1.0,0.0,0.0,10505.0,,,0.069408,5.0,0.0
5,10,5,cadmdd,notab,0.0,0.04,4034.0,0.0,0.363,1.0,0.0,0.0,3713.0,832.0,,,,
5,12,4,minion,notab,,0.305929,,0.0,0.103,1.0,0.0,0.0,45679.0,,,0.305575,6.0,0.000145
5,12,5,cadical,tab,0.0,49.53,31542436.0,0.0,30.778,1.0,0.0,0.0,93.0,5257128.0,16.372,,,
5,12,4,minion,tab,,52.8263,,0.0,21.241,1.0,0.0,0.0,45.0,,15.981,0.072681,6.0,9.04915
5,10,3,minicon,tab,,16.1162,,0.0,6.897,1.0,0.0,0.0,36.0,,5.218,0.026921,5.0,2.05493
5,10,2,cadical,notab,0.0,0.04,4034.0,0.0,0.359,1.0,0.0,0.0,3713.0,832.0,,,,
5,12,1,cadical,notab,0.0,0.12,6383.0,0.0,0.473,1.0,0.0,0.0,11501.0,1134.0,,,,
5,12,4,cadmdd,notab,0.0,0.10999999999999999,6383.0,0.0,0.457,1.0,0.0,0.0,11501.0,1134.0,,,,
5,10,1,cadical,tab,0.0,14.83,9042489.0,0.0,8.914,1.0,0.0,0.0,15.0,1507150.0,5.342,,,
5,12,3,chuffed,notab,,0.286,,0.0,0.214,1.0,0.0,0.0,2774.0,,,,,
5,10,2,minicon,tab,,14.3537,,0.0,6.979,1.0,0.0,0.0,36.0,,4.839,0.023725,5.0,2.03866
5,12,3,gecode,tab,,12.302,,0.0,21.338,1.0,0.0,0.0,66.0,,16.941,,,
5,12,2,cadical,tab,0.0,47.15,31542436.0,0.0,27.544,1.0,0.0,0.0,93.0,5257128.0,14.977,,,
5,12,2,gecode,tab,,10.597,,0.0,19.92,1.0,0.0,0.0,66.0,,15.415,,,
5,10,4,cadical,tab,0.0,13.38,9042489.0,0.0,8.145,1.0,0.0,0.0,15.0,1507150.0,4.989,,,
5,12,4,cadmdd,tab,0.0,25.91,20739784.0,0.0,30.25,1.0,0.0,0.0,2433.0,1854.0,17.214,,,
5,10,3,minion,tab,,16.0821,,0.0,7.75,1.0,0.0,0.0,36.0,,5.504,0.024178,5.0,2.11225
5,10,3,cadical,notab,0.0,0.03,4034.0,0.0,0.322,1.0,0.0,0.0,3713.0,832.0,,,,
5,12,1,gecode,tab,,12.95,,0.0,21.55,1.0,0.0,0.0,66.0,,16.884,,,
5,10,3,gecode,notab,,0.123,,0.0,0.131,1.0,0.0,0.0,5944.0,,,,,
5,10,2,cadmdd,notab,0.0,0.04,4034.0,0.0,0.362,1.0,0.0,0.0,3713.0,832.0,,,,
5,12,3,minicon,notab,,0.590559,,0.0,0.108,1.0,0.0,0.0,81527.0,,,0.589518,6.0,0.000442
5,10,1,cadical,notab,0.0,0.03,4034.0,0.0,0.373,1.0,0.0,0.0,3713.0,832.0,,,,
5,10,1,minicon,notab,,0.055857,,0.0,0.071,1.0,0.0,0.0,10505.0,,,0.055368,5.0,0.0
5,12,1,minicon,tab,,58.6005,,0.0,23.62,1.0,0.0,0.0,40.0,,17.851,0.060191,6.0,11.0752
5,12,3,minicon,tab,,55.1577,,0.0,22.19,1.0,0.0,0.0,40.0,,16.252,0.045634,6.0,9.23181
5,12,5,minion,notab,,0.26503,,0.0,0.11,1.0,0.0,0.0,45679.0,,,0.264108,6.0,0.000409
5,12,1,cadical,tab,0.0,52.769999999999996,31542436.0,0.0,32.339,1.0,0.0,0.0,93.0,5257128.0,17.12,,,
5,12,4,chuffed,tab,,8.461,,0.0,18.761,1.0,0.0,0.0,54.0,,15.317,,,
5,12,2,minion,notab,,0.311525,,0.0,0.124,1.0,0.0,0.0,45679.0,,,0.311528,6.0,0.0
5,10,2,minion,notab,,0.039649,,0.0,0.112,1.0,0.0,0.0,6230.0,,,0.038266,5.0,0.000431
5,10,1,gecode,tab,,3.076,,0.0,6.886,1.0,0.0,0.0,48.0,,5.442,,,
5,12,5,cadmdd,tab,0.0,24.19,20739784.0,0.0,26.76,1.0,0.0,0.0,2433.0,1854.0,15.89,,,
5,12,1,cadmdd,notab,0.0,0.14,6383.0,0.0,0.423,1.0,0.0,0.0,11501.0,1134.0,,,,
5,10,5,chuffed,tab,,2.92,,0.0,7.086,1.0,0.0,0.0,43.0,,5.607,,,
5,10,4,minicon,notab,,0.068337,,0.0,0.121,1.0,0.0,0.0,10505.0,,,0.066999,5.0,0.000455
5,10,5,cadical,notab,0.0,0.03,4034.0,0.0,0.37,1.0,0.0,0.0,3713.0,832.0,,,,
5,12,1,chuffed,tab,,8.232,,0.0,18.284,1.0,0.0,0.0,54.0,,14.615,,,
5,10,2,chuffed,notab,,0.039,,0.0,0.172,1.0,0.0,0.0,439.0,,,,,
5,10,1,cadmdd,notab,0.0,0.03,4034.0,0.0,0.376,1.0,0.0,0.0,3713.0,832.0,,,,
5,12,2,minicon,notab,,0.589125,,0.0,0.107,1.0,0.0,0.0,81527.0,,,0.589128,6.0,0.0
5,10,1,minicon,tab,,17.5295,,0.0,7.442,1.0,0.0,0.0,36.0,,5.739,0.026968,5.0,2.47298
5,10,4,chuffed,notab,,0.05,,0.0,0.19,1.0,0.0,0.0,439.0,,,,,
5,12,1,cadmdd,tab,0.0,21.71,20739784.0,0.0,23.341,1.0,0.0,0.0,2433.0,1854.0,14.369,,,
5,12,3,gecode,notab,,0.291,,0.0,0.126,1.0,0.0,0.0,44094.0,,,,,
5,12,3,cadical,tab,0.0,48.39,31542436.0,0.0,29.073,1.0,0.0,0.0,93.0,5257128.0,15.998,,,
5,10,1,minion,notab,,0.035042,,0.0,0.08,1.0,0.0,0.0,6230.0,,,0.03394,5.0,0.000363
5,12,1,minion,notab,,0.320057,,0.0,0.105,1.0,0.0,0.0,45679.0,,,0.319237,6.0,0.000526
5,10,2,minion,tab,,14.4036,,0.0,6.272,1.0,0.0,0.0,36.0,,4.808,0.02258,5.0,2.03881
5,12,4,gecode,notab,,0.297,,0.0,0.125,1.0,0.0,0.0,44094.0,,,,,
4,10,2,minion,notab,,0.032155,,0.0,0.101,1.0,0.0,0.0,6242.0,,,0.031894,5.0,0.0
4,10,4,minion,notab,,0.038198,,0.0,0.116,1.0,0.0,0.0,6242.0,,,0.036792,5.0,0.000405
4,12,1,minicon,tab,,3.34424,,0.0,2.54,1.0,0.0,0.0,57.0,,1.577,0.01066,6.0,0.295497
4,10,1,chuffed,tab,,0.209,,0.0,0.824,1.0,0.0,0.0,60.0,,0.497,,,
4,12,2,cadmdd,notab,0.0,0.09,5924.0,0.0,0.349,1.0,0.0,0.0,10865.0,990.0,,,,
4,10,3,minicon,notab,,0.064462,,0.0,0.107,1.0,0.0,0.0,10489.0,,,0.064464,5.0,0.0
4,10,2,minicon,tab,,1.11153,,0.0,0.936,1.0,0.0,0.0,47.0,,0.48,0.004824,5.0,0.084244
4,10,4,gecode,tab,,0.239,,0.0,1.042,1.0,0.0,0.0,79.0,,0.643,,,
4,12,4,cadmdd,notab,0.0,0.08,5924.0,0.0,0.333,1.0,0.0,0.0,10865.0,990.0,,,,
4,12,4,chuffed,tab,,0.806,,0.0,2.809,1.0,0.0,0.0,69.0,,1.659,,,
4,12,5,cadmdd,notab,0.0,0.08,5924.0,0.0,0.341,1.0,0.0,0.0,10865.0,990.0,,,,
4,10,1,minicon,tab,,1.39477,,0.0,1.439,1.0,0.0,0.0,47.0,,0.757,0.009182,5.0,0.121839
4,10,3,cadical,notab,0.0,0.02,3752.0,0.0,0.349,1.0,0.0,0.0,2589.0,732.0,,,,
4,10,4,minicon,notab,,0.065829,,0.0,0.107,1.0,0.0,0.0,10489.0,,,0.065064,5.0,0.000448
4,12,5,cadical,tab,0.0,4.01,2245576.0,0.0,3.709,1.0,0.0,0.0,154.0,449136.0,1.802,,,
4,10,5,cadmdd,tab,0.0,0.64,628844.0,0.0,2.085,1.0,0.0,0.0,571.0,670.0,0.979,,,
4,12,2,minion,notab,,0.284569,,0.0,0.117,1.0,0.0,0.0,45720.0,,,0.284018,6.0,0.0
4,10,5,minion,notab,,0.038366,,0.0,0.107,1.0,0.0,0.0,6242.0,,,0.038029,5.0,0.000189
4,12,5,minicon,tab,,4.01487,,0.0,2.634,1.0,0.0,0.0,57.0,,1.615,0.010856,6.0,0.349504
4,12,1,cadical,notab,0.0,0.09,5924.0,0.0,0.363,1.0,0.0,0.0,10865.0,990.0,,,,
4,10,5,chuffed,tab,,0.3,,0.0,0.914,1.0,0.0,0.0,60.0,,0.581,,,
4,10,2,cadical,notab,0.0,0.02,3752.0,0.0,0.39,1.0,0.0,0.0,2589.0,732.0,,,,
4,12,4,cadical,tab,0.0,3.7600000000000002,2245576.0,0.0,3.057,1.0,0.0,0.0,154.0,449136.0,1.555,,,
4,12,5,cadmdd,tab,0.0,1.84,1743208.0,0.0,3.618,1.0,0.0,0.0,1528.0,1092.0,1.474,,,
4,10,3,cadical,tab,0.0,1.26,772809.0,0.0,1.998,1.0,0.0,0.0,19.0,154600.0,0.675,,,
4,10,2,gecode,notab,,0.103,,0.0,0.128,1.0,0.0,0.0,5944.0,,,,,
4,10,5,gecode,notab,,0.103,,0.0,0.115,1.0,0.0,0.0,5944.0,,,,,
4,12,3,cadical,notab,0.0,0.09,5924.0,0.0,0.414,1.0,0.0,0.0,10865.0,990.0,,,,
4,10,3,chuffed,tab,,0.275,,0.0,1.063,1.0,0.0,0.0,60.0,,0.654,,,
4,12,5,chuffed,tab,,0.772,,0.0,2.318,1.0,0.0,0.0,69.0,,1.569,,,
4,10,3,gecode,notab,,0.091,,0.0,0.119,1.0,0.0,0.0,5944.0,,,,,
4,10,2,chuffed,tab,,0.277,,0.0,1.168,1.0,0.0,0.0,60.0,,0.724,,,
4,10,5,cadical,notab,0.0,0.02,3752.0,0.0,0.302,1.0,0.0,0.0,2589.0,732.0,,,,
4,10,1,minion,notab,,0.035714,,0.0,0.102,1.0,0.0,0.0,6242.0,,,0.034507,5.0,0.000389
4,12,1,gecode,notab,,0.307,,0.0,0.126,1.0,0.0,0.0,44094.0,,,,,
4,10,4,minicon,tab,,1.54773,,0.0,1.378,1.0,0.0,0.0,47.0,,0.634,0.006825,5.0,0.110787
4,10,1,minicon,notab,,0.057826,,0.0,0.102,1.0,0.0,0.0,10489.0,,,0.057827,5.0,0.0
4,12,4,minion,tab,,3.39019,,0.0,2.326,1.0,0.0,0.0,67.0,,1.495,0.015961,6.0,0.2992
4,10,1,minion,tab,,1.17587,,0.0,1.018,1.0,0.0,0.0,51.0,,0.565,0.007547,5.0,0.090734
4,12,4,cadmdd,tab,0.0,1.9,1743208.0,0.0,3.907,1.0,0.0,0.0,1528.0,1092.0,1.576,,,
4,12,2,chuffed,notab,,0.271,,0.0,0.166,1.0,0.0,0.0,2681.0,,,,,
4,12,5,minicon,notab,,0.550412,,0.0,0.114,1.0,0.0,0.0,84558.0,,,0.548824,6.0,0.000483
4,10,4,gecode,notab,,0.199,,0.0,0.121,1.0,0.0,0.0,5944.0,,,,,
4,10,5,gecode,tab,,0.224,,0.0,0.971,1.0,0.0,0.0,79.0,,0.547,,,
4,12,4,minicon,notab,,0.496475,,0.0,0.108,1.0,0.0,0.0,84558.0,,,0.496478,6.0,0.0
4,12,4,minion,notab,,0.261027,,0.0,0.094,1.0,0.0,0.0,45720.0,,,0.260437,6.0,0.0
4,12,1,minion,tab,,3.38011,,0.0,2.454,1.0,0.0,0.0,67.0,,1.546,0.015113,6.0,0.322409
4,12,2,chuffed,tab,,0.621,,0.0,1.806,1.0,0.0,0.0,69.0,,1.335,,,
4,12,2,cadical,notab,0.0,0.09,5924.0,0.0,0.392,1.0,0.0,0.0,10865.0,990.0,,,,
4,12,5,gecode,notab,,0.306,,0.0,0.164,1.0,0.0,0.0,44094.0,,,,,
4,10,1,cadical,notab,0.0,0.01,3752.0,0.0,0.308,1.0,0.0,0.0,2589.0,732.0,,,,
4,12,5,gecode,tab,,0.723,,0.0,2.313,1.0,0.0,0.0,110.0,,1.689,,,
4,12,2,minicon,tab,,3.49343,,0.0,2.474,1.0,0.0,0.0,57.0,,1.546,0.009231,6.0,0.322027
4,12,4,gecode,tab,,0.636,,0.0,2.003,1.0,0.0,0.0,110.0,,1.397,,,
4,12,3,chuffed,notab,,0.257,,0.0,0.212,1.0,0.0,0.0,2681.0,,,,,
4,12,2,gecode,tab,,0.707,,0.0,2.167,1.0,0.0,0.0,110.0,,1.538,,,
4,10,3,gecode,tab,,0.25,,0.0,1.086,1.0,0.0,0.0,79.0,,0.656,,,
4,12,1,minicon,notab,,0.524802,,0.0,0.103,1.0,0.0,0.0,84558.0,,,0.524262,6.0,0.0
4,10,4,minion,tab,,1.56654,,0.0,1.369,1.0,0.0,0.0,51.0,,0.688,0.009397,5.0,0.122746
4,12,5,cadical,notab,0.0,0.09,5924.0,0.0,0.416,1.0,0.0,0.0,10865.0,990.0,,,,
4,10,2,chuffed,notab,,0.038,,0.0,0.176,1.0,0.0,0.0,349.0,,,,,
4,12,4,cadical,notab,0.0,0.08,5924.0,0.0,0.402,1.0,0.0,0.0,10865.0,990.0,,,,
4,10,1,cadical,tab,0.0,1.1600000000000001,772809.0,0.0,1.723,1.0,0.0,0.0,19.0,154600.0,0.612,,,
4,10,5,cadical,tab,0.0,1.1,772809.0,0.0,1.718,1.0,0.0,0.0,19.0,154600.0,0.666,,,
4,10,5,minicon,notab,,0.065611,,0.0,0.097,1.0,0.0,0.0,10489.0,,,0.065613,5.0,0.0
4,12,3,gecode,notab,,0.835,,0.0,0.144,1.0,0.0,0.0,44094.0,,,,,
4,12,2,gecode,notab,,0.314,,0.0,0.124,1.0,0.0,0.0,44094.0,,,,,
4,12,3,gecode,tab,,0.699,,0.0,2.283,1.0,0.0,0.0,110.0,,1.686,,,
4,10,3,cadmdd,tab,0.0,0.74,628844.0,0.0,2.012,1.0,0.0,0.0,571.0,670.0,0.748,,,
4,12,3,chuffed,tab,,0.683,,0.0,1.993,1.0,0.0,0.0,69.0,,1.468,,,
4,12,1,chuffed,notab,,0.282,,0.0,0.222,1.0,0.0,0.0,2681.0,,,,,
4,12,5,minion,notab,,0.296462,,0.0,0.105,1.0,0.0,0.0,45720.0,,,0.29492,6.0,0.000462
4,12,2,cadmdd,tab,0.0,1.76,1743208.0,0.0,3.504,1.0,0.0,0.0,1528.0,1092.0,1.541,,,
4,10,3,cadmdd,notab,0.0,0.03,3752.0,0.0,0.341,1.0,0.0,0.0,2589.0,732.0,,,,
4,10,2,gecode,tab,,0.27,,0.0,1.148,1.0,0.0,0.0,79.0,,0.653,,,
4,10,4,cadical,tab,0.0,1.34,772809.0,0.0,2.328,1.0,0.0,0.0,19.0,154600.0,0.804,,,
4,10,2,cadical,tab,0.0,1.33,772809.0,0.0,2.497,1.0,0.0,0.0,19.0,154600.0,0.858,,,
4,12,3,minion,tab,,3.92147,,0.0,2.424,1.0,0.0,0.0,67.0,,1.639,0.020065,6.0,0.348101
4,10,3,chuffed,notab,,0.028,,0.0,0.166,1.0,0.0,0.0,349.0,,,,,
4,12,2,minicon,notab,,0.537638,,0.0,0.122,1.0,0.0,0.0,84558.0,,,0.53627,6.0,0.000437
4,12,3,minicon,tab,,3.76855,,0.0,2.496,1.0,0.0,0.0,57.0,,1.675,0.011745,6.0,0.335408
4,12,1,chuffed,tab,,0.737,,0.0,2.106,1.0,0.0,0.0,69.0,,1.46,,,
4,12,4,gecode,notab,,0.281,,0.0,0.116,1.0,0.0,0.0,44094.0,,,,,
4,10,3,minion,notab,,0.035226,,0.0,0.129,1.0,0.0,0.0,6242.0,,,0.033938,5.0,0.000424
4,12,5,minion,tab,,4.12032,,0.0,2.633,1.0,0.0,0.0,67.0,,1.672,0.020516,6.0,0.360021
4,10,1,gecode,tab,,0.273,,0.0,0.89,1.0,0.0,0.0,79.0,,0.537,,,
4,12,2,minion,tab,,3.44433,,0.0,2.349,1.0,0.0,0.0,67.0,,1.551,0.017327,6.0,0.315141
4,10,3,minicon,tab,,1.34902,,0.0,1.234,1.0,0.0,0.0,47.0,,0.684,0.005916,5.0,0.107851
4,12,1,minion,notab,,0.280142,,0.0,0.115,1.0,0.0,0.0,45720.0,,,0.279444,6.0,0.00021
4,12,2,cadical,tab,0.0,3.2899999999999996,2245576.0,0.0,3.007,1.0,0.0,0.0,154.0,449136.0,1.574,,,
4,10,3,minion,tab,,1.56103,,0.0,1.246,1.0,0.0,0.0,51.0,,0.644,0.008257,5.0,0.109508
4,10,2,cadmdd,tab,0.0,0.72,628844.0,0.0,2.282,1.0,0.0,0.0,571.0,670.0,0.881,,,
4,12,3,minicon,notab,,0.427256,,0.0,0.105,1.0,0.0,0.0,84558.0,,,0.426919,6.0,0.0
4,10,5,chuffed,notab,,0.023,,0.0,0.167,1.0,0.0,0.0,349.0,,,,,
4,12,3,cadmdd,tab,0.0,1.81,1743208.0,0.0,3.48,1.0,0.0,0.0,1528.0,1092.0,1.41,,,
4,10,2,cadmdd,notab,0.0,0.03,3752.0,0.0,0.365,1.0,0.0,0.0,2589.0,732.0,,,,
4,10,2,minicon,notab,,0.048213,,0.0,0.072,1.0,0.0,0.0,10489.0,,,0.047747,5.0,0.000376
4,12,3,minion,notab,,0.222966,,0.0,0.108,1.0,0.0,0.0,45720.0,,,0.221863,6.0,0.000357
4,12,4,chuffed,notab,,0.379,,0.0,0.173,1.0,0.0,0.0,2681.0,,,,,
4,10,4,chuffed,tab,,0.262,,0.0,1.131,1.0,0.0,0.0,60.0,,0.648,,,
4,12,1,cadical,tab,0.0,3.43,2245576.0,0.0,3.337,1.0,0.0,0.0,154.0,449136.0,1.499,,,
4,10,5,minicon,tab,,1.36378,,0.0,1.268,1.0,0.0,0.0,47.0,,0.665,0.004804,5.0,0.102455
4,10,1,cadmdd,tab,0.0,0.6000000000000001,628844.0,0.0,1.776,1.0,0.0,0.0,571.0,670.0,0.613,,,
4,12,4,minicon,tab,,3.44594,,0.0,2.38,1.0,0.0,0.0,57.0,,1.433,0.010088,6.0,0.298629
4,12,1,gecode,tab,,0.637,,0.0,2.063,1.0,0.0,0.0,110.0,,1.495,,,
4,10,5,cadmdd,notab,0.0,0.02,3752.0,0.0,0.308,1.0,0.0,0.0,2589.0,732.0,,,,
4,10,4,chuffed,notab,,0.041,,0.0,0.158,1.0,0.0,0.0,349.0,,,,,
4,12,5,chuffed,notab,,0.295,,0.0,0.195,1.0,0.0,0.0,2681.0,,,,,
4,10,1,gecode,notab,,0.377,,0.0,0.122,1.0,0.0,0.0,5944.0,,,,,
4,10,2,minion,tab,,1.22277,,0.0,0.966,1.0,0.0,0.0,51.0,,0.493,0.005928,5.0,0.098193
4,10,4,cadmdd,notab,0.0,0.01,3752.0,0.0,0.252,1.0,0.0,0.0,2589.0,732.0,,,,
4,12,3,cadmdd,notab,0.0,0.08,5924.0,0.0,0.314,1.0,0.0,0.0,10865.0,990.0,,,,
4,10,4,cadmdd,tab,0.0,0.7,628844.0,0.0,2.524,1.0,0.0,0.0,571.0,670.0,1.011,,,
4,10,1,cadmdd,notab,0.0,0.02,3752.0,0.0,0.307,1.0,0.0,0.0,2589.0,732.0,,,,
4,12,1,cadmdd,tab,0.0,1.71,1743208.0,0.0,3.747,1.0,0.0,0.0,1528.0,1092.0,1.593,,,
4,10,4,cadical,notab,0.0,0.02,3752.0,0.0,0.331,1.0,0.0,0.0,2589.0,732.0,,,,
4,12,3,cadical,tab,0.0,3.91,2245576.0,0.0,3.287,1.0,0.0,0.0,154.0,449136.0,1.549,,,
4,12,1,cadmdd,notab,0.0,0.09,5924.0,0.0,0.371,1.0,0.0,0.0,10865.0,990.0,,,,
4,10,1,chuffed,notab,,0.032,,0.0,0.153,1.0,0.0,0.0,349.0,,,,,
4,10,5,minion,tab,,1.48474,,0.0,1.261,1.0,0.0,0.0,51.0,,0.672,0.007196,5.0,0.110582
